{
  "id": "Group 2 UKELD score.v0",
  "gdl_version": "2.0",
  "concept": "gt0001",
  "language": {
    "original_language": "ISO_639-1::en"
  },
  "description": {
    "original_author": {
      "date": "2020-03-18",
      "name": "Group 2",
      "organisation": "Karolinska Instituete"
    },
    "lifecycle_state": "Not set",
    "details": {
      "en": {
        "id": "en",
        "purpose": "To calculate the UKELD score for patients with End-stage liver disease to find out if they are eligible for liver transplantation or no.",
        "keywords": [
          "UKELD score",
          "United Kingdom",
          "End-stage Liver Disease",
          "Eligibility",
          "Liver Transplantation"
        ],
        "use": "The formula is used in the United Kingdom for patients diagnosed with End-stage liver disease.",
        "misuse": "This formula shall not be used to determine if the patient may be eligible for transplantation for reasons other than chronic liver disease."
      }
    },
    "other_details": {
      "references": "[1] Barber KM, Pioli SE, Blackwell JE, Collett D, Neuberger JM, Gimson AE. Development of a UK Score for patients with end-stage liver disease. Hepatology. 2007;46:611A.\n[2] MDCalc. United Kingdom Model for End-Stage Liver Disease (UKELD) - MDCalc [Internet]. 2020 [cited 2020 Mar 15]. Available from: https://www.mdcalc.com/united-kingdom-model-end-stage-liver-disease-ukeld#next-steps\n"
    }
  },
  "definition": {
    "data_bindings": {
      "gt0002": {
        "id": "gt0002",
        "model_id": "openEHR-EHR-OBSERVATION.laboratory_test_result.v1",
        "template_id": "openEHR-EHR-OBSERVATION.laboratory_test_result.v1",
        "type": "INPUT",
        "elements": {
          "gt0004": {
            "id": "gt0004",
            "path": "/data[at0001]/events[at0002]/data[at0003]/items[openEHR-EHR-CLUSTER.inr.v0]/items[at0001]"
          },
          "gt0005": {
            "id": "gt0005",
            "path": "/data[at0001]/events[at0002]/data[at0003]/items[openEHR-EHR-CLUSTER.bilirubin.v0]/items[at0001]"
          },
          "gt0006": {
            "id": "gt0006",
            "path": "/data[at0001]/events[at0002]/data[at0003]/items[openEHR-EHR-CLUSTER.sodium.v0]/items[at0001]"
          },
          "gt0007": {
            "id": "gt0007",
            "path": "/data[at0001]/events[at0002]/data[at0003]/items[openEHR-EHR-CLUSTER.serum_creatinine.v0]/items[at0001]"
          }
        }
      },
      "gt0003": {
        "id": "gt0003",
        "model_id": "openEHR-EHR-EVALUATION.interpretation_of_ukeld.v0",
        "template_id": "openEHR-EHR-EVALUATION.interpretation_of_ukeld.v0",
        "type": "OUTPUT",
        "elements": {
          "gt0008": {
            "id": "gt0008",
            "path": "/data[at0001]/items[at0010]"
          },
          "gt0009": {
            "id": "gt0009",
            "path": "/data[at0001]/items[at0007]"
          }
        }
      },
      "gt0010": {
        "id": "gt0010",
        "model_id": "openEHR-EHR-EVALUATION.diagnosis.v0",
        "template_id": "openEHR-EHR-EVALUATION.diagnosis.v0",
        "type": "INPUT",
        "elements": {
          "gt0011": {
            "id": "gt0011",
            "path": "/data[at0001]/items[at0002]"
          }
        }
      },
      "gt0033": {
        "id": "gt0033",
        "model_id": "openEHR-EHR-OBSERVATION.laboratory_test_result.v1",
        "template_id": "openEHR-EHR-OBSERVATION.laboratory_test_result.v1",
        "type": "OUTPUT",
        "elements": {
          "gt0034": {
            "id": "gt0034",
            "path": "/data[at0001]/events[at0002]/data[at0003]/items[openEHR-EHR-CLUSTER.bilirubin.v0]/items[at0001]"
          },
          "gt0035": {
            "id": "gt0035",
            "path": "/data[at0001]/events[at0002]/data[at0003]/items[openEHR-EHR-CLUSTER.sodium.v0]/items[at0001]"
          },
          "gt0036": {
            "id": "gt0036",
            "path": "/data[at0001]/events[at0002]/data[at0003]/items[openEHR-EHR-CLUSTER.serum_creatinine.v0]/items[at0001]"
          }
        }
      }
    },
    "pre_conditions": [
      "$gt0011|End stage liver disease |==1|local::at0004|present |"
    ],
    "rules": {
      "gt0019": {
        "id": "gt0019",
        "priority": 9,
        "when": [
          "$gt0005|Bilirubin|.unit=='mg/dl'"
        ],
        "then": [
          "$gt0034|Bilirubin|.magnitude=$gt0005.magnitude*17.1",
          "$gt0034|Bilirubin|.precision=2",
          "$gt0034|Bilirubin|.unit='umol/l'"
        ]
      },
      "gt0022": {
        "id": "gt0022",
        "priority": 8,
        "when": [
          "$gt0005|Bilirubin|.unit=='umol/l'"
        ],
        "then": [
          "$gt0034|Bilirubin|=$gt0034|Bilirubin|"
        ]
      },
      "gt0023": {
        "id": "gt0023",
        "priority": 7,
        "when": [
          "$gt0007|Serum Creatinine|.unit=='mg/dl'"
        ],
        "then": [
          "$gt0036|Serum Creatinine|.magnitude=$gt0007.magnitude*88.4",
          "$gt0036|Serum Creatinine|.precision=2",
          "$gt0036|Serum Creatinine|.unit='umol/l'"
        ]
      },
      "gt0026": {
        "id": "gt0026",
        "priority": 6,
        "when": [
          "$gt0007|Serum Creatinine|.unit=='umol/l'"
        ],
        "then": [
          "$gt0036|Serum Creatinine|=$gt0036|Serum Creatinine|"
        ]
      },
      "gt0027": {
        "id": "gt0027",
        "priority": 5,
        "when": [
          "$gt0006|Sodium |.unit=='mEq/l'"
        ],
        "then": [
          "$gt0035|Sodium |.magnitude=$gt0006.magnitude*1",
          "$gt0035|Sodium |.unit='mmol/l'"
        ]
      },
      "gt0031": {
        "id": "gt0031",
        "priority": 4,
        "when": [
          "$gt0006|Sodium |.unit=='mmol/l'"
        ],
        "then": [
          "$gt0035|Sodium |=$gt0035|Sodium |"
        ]
      },
      "gt0032": {
        "id": "gt0032",
        "priority": 3,
        "when": [
          "$gt0034|Bilirubin|!=null",
          "$gt0036|Serum Creatinine|!=null",
          "$gt0035|Sodium |!=null",
          "$gt0004|INR|!=null"
        ],
        "then": [
          "$gt0008|UKELD score|.magnitude=(5.395*log($gt0004.magnitude))+(1.485*log($gt0036.magnitude))+(3.13*log($gt0034.magnitude))-(81.565*log($gt0035.magnitude))+435",
          "$gt0008|UKELD score|.precision=0",
          "$gt0008|UKELD score|.unit='1'"
        ]
      },
      "gt0037": {
        "id": "gt0037",
        "priority": 2,
        "when": [
          "$gt0008|UKELD score|>=49,1"
        ],
        "then": [
          "$gt0009|Eligibility|=local::at0008|Eligible|"
        ]
      },
      "gt0038": {
        "id": "gt0038",
        "priority": 1,
        "when": [
          "$gt0008|UKELD score|<49,1"
        ],
        "then": [
          "$gt0009|Eligibility|=local::at0009|Not eligible|"
        ]
      }
    }
  },
  "ontology": {
    "term_definitions": {
      "en": {
        "id": "en",
        "terms": {
          "gt0001": {
            "id": "gt0001",
            "text": "United Kingdom Model for End-Stage Liver Disease (UKELD)",
            "description": "United Kingdom Model for End-Stage Liver Disease (UKELD) score makes the use of different laboratory tests which are: INR, Bilirubin, Sodium, and serum creatinine in order to categorize End-stage liver disease patient into eligible or non-eligible for liver transplantation, this system is used in the united kingdom."
          },
          "gt0004": {
            "id": "gt0004",
            "text": "INR",
            "description": "*"
          },
          "gt0005": {
            "id": "gt0005",
            "text": "Bilirubin",
            "description": "*"
          },
          "gt0006": {
            "id": "gt0006",
            "text": "Sodium ",
            "description": "*"
          },
          "gt0007": {
            "id": "gt0007",
            "text": "Serum Creatinine",
            "description": "*"
          },
          "gt0008": {
            "id": "gt0008",
            "text": "UKELD score",
            "description": "*"
          },
          "gt0009": {
            "id": "gt0009",
            "text": "Eligibility",
            "description": "*"
          },
          "gt0011": {
            "id": "gt0011",
            "text": "End stage liver disease ",
            "description": "*"
          },
          "gt0014": {
            "id": "gt0014",
            "text": "INR",
            "description": "*"
          },
          "gt0015": {
            "id": "gt0015",
            "text": "Bilirubin",
            "description": "*"
          },
          "gt0016": {
            "id": "gt0016",
            "text": "Sodium ",
            "description": "*"
          },
          "gt0017": {
            "id": "gt0017",
            "text": "Serum Creatinine",
            "description": "*"
          },
          "gt0019": {
            "id": "gt0019",
            "text": "Convert Bilirubin to μmol/L"
          },
          "gt0021": {
            "id": "gt0021",
            "text": "Bilirubin",
            "description": "Bilirubin"
          },
          "gt0022": {
            "id": "gt0022",
            "text": "Set Bilirubin"
          },
          "gt0023": {
            "id": "gt0023",
            "text": "Convert Serum Creatinine to μmol/L"
          },
          "gt0025": {
            "id": "gt0025",
            "text": "Serum Creatinine",
            "description": "Serum Creatinine"
          },
          "gt0026": {
            "id": "gt0026",
            "text": "Set Serum Creatinine"
          },
          "gt0027": {
            "id": "gt0027",
            "text": "Convert Serum Sodium to mmol/L"
          },
          "gt0030": {
            "id": "gt0030",
            "text": "Sodium ",
            "description": "*"
          },
          "gt0031": {
            "id": "gt0031",
            "text": "Set Serum Sodium"
          },
          "gt0032": {
            "id": "gt0032",
            "text": "UKELD score Calculation"
          },
          "gt0034": {
            "id": "gt0034",
            "text": "Bilirubin",
            "description": "*"
          },
          "gt0035": {
            "id": "gt0035",
            "text": "Sodium ",
            "description": "*"
          },
          "gt0036": {
            "id": "gt0036",
            "text": "Serum Creatinine",
            "description": "*"
          },
          "gt0037": {
            "id": "gt0037",
            "text": "Eligible"
          },
          "gt0038": {
            "id": "gt0038",
            "text": "Non Eligible"
          }
        }
      }
    }
  }
}